AA,Lac_count,Lac_other_AA,tetS_count,tetS_other_AA,Fisher_Pvalue
A,26,423,26,539,0.394579457
C,4,445,15,550,0.059453126
D,9,440,19,546,0.247216247
E,11,438,6,559,0.137301939
F,12,437,37,528,0.004704967
G,7,442,13,552,0.497797232
H,12,437,24,541,0.231522392
I,43,406,53,512,0.914498105
*,15,434,19,546,1
K,13,436,16,549,1
L,60,389,84,481,0.526733672
M,41,408,3,562,2.94E-12
N,19,430,21,544,0.74608743
P,13,436,43,522,0.001263208
Q,16,433,13,552,0.258007011
R,17,432,31,534,0.234922466
S,22,427,45,520,0.056386326
T,31,418,27,538,0.173360344
V,59,390,36,529,3.09E-04
W,1,448,4,561,0.390080051
Y,18,431,30,535,0.373615031
A,7,442,14,551,0.377753498
C,5,444,18,547,0.032811617
D,7,442,12,553,0.64286046
E,3,446,3,562,1
F,11,438,12,553,0.832659111
G,10,439,8,557,0.348551241
H,21,428,36,529,0.273611621
I,95,354,36,529,3.61E-12
*,11,438,22,543,0.216722476
K,8,441,20,545,0.121594429
L,70,379,71,494,0.171634896
M,36,413,0,565,8.14E-14
N,27,422,46,519,0.221642464
P,26,423,64,501,0.002523876
Q,12,437,19,546,0.584984169
R,18,431,40,525,0.040982686
S,24,425,54,511,0.012714924
T,27,422,47,518,0.181732421
V,17,432,6,559,0.004937457
W,0,449,2,563,0.506056376
Y,14,435,35,530,0.026561599
A,12,437,22,543,0.298703712
C,9,440,10,555,0.818818606
D,10,439,13,552,1
E,7,442,9,556,1
F,14,435,29,536,0.119727089
G,8,441,8,557,0.800741785
H,28,421,48,517,0.18803337
I,36,413,40,525,0.631429832
*,6,443,27,538,0.002076253
K,17,432,20,545,0.867192217
L,65,384,59,506,0.054065048
M,37,412,0,565,3.44E-14
N,40,409,35,530,0.11626221
P,23,426,60,505,0.001712322
Q,12,437,19,546,0.584984169
R,13,436,22,543,0.489080397
S,29,420,52,513,0.129334882
T,40,409,40,525,0.293240705
V,17,432,14,551,0.271505934
Y,26,423,38,527,0.603888116
A,30,419,43,522,0.625455378
C,6,443,9,556,0.798975471
D,17,432,20,545,0.867192217
E,8,441,16,549,0.305243376
F,11,438,28,537,0.047772772
G,20,429,21,544,0.630873217
H,20,429,24,541,0.877975479
I,39,410,40,525,0.348117893
*,2,447,21,544,3.90E-04
K,13,436,17,548,1
L,26,423,41,524,0.375243987
M,51,398,1,564,5.25E-18
N,35,414,42,523,0.905100822
P,12,437,26,539,0.133870957
Q,15,434,22,543,0.736849943
R,15,434,24,541,0.513040269
S,30,419,48,517,0.288861669
T,37,412,51,514,0.736432903
V,34,415,40,525,0.808383774
W,0,449,1,564,1
Y,28,421,30,535,0.58668033
A,31,418,30,535,0.291329329
C,13,436,11,554,0.406292405
D,14,435,20,545,0.729865661
E,12,437,5,560,0.045630849
F,15,434,31,534,0.128257753
G,10,439,12,553,1
H,22,427,20,545,0.341317757
I,39,410,36,529,0.184083837
*,2,447,27,538,1.23E-05
K,14,435,12,553,0.325961436
L,38,411,75,490,0.015984471
M,18,431,2,563,3.05E-05
N,26,423,21,544,0.133437109
P,24,425,64,501,7.14E-04
Q,5,444,9,556,0.596097871
R,18,431,27,538,0.645820208
S,41,408,52,513,1
T,54,395,66,499,0.922094139
V,25,424,20,545,0.126940999
W,0,449,1,564,1
Y,28,421,24,541,0.196650115
A,19,396,24,593,0.634805865
C,2,413,10,607,0.138019786
D,7,408,9,608,0.800961283
E,8,407,4,613,0.07645568
F,31,384,28,589,0.055249273
G,6,409,4,613,0.213020253
H,22,393,43,574,0.298601285
I,34,381,42,575,0.398432602
*,3,412,46,571,4.91E-08
K,11,404,18,599,0.850034994
L,46,369,80,537,0.384241818
M,3,412,10,607,0.262143119
N,18,397,18,599,0.230367316
P,53,362,83,534,0.7789362
Q,15,400,19,598,0.722671633
R,18,397,30,587,0.76418502
S,37,378,59,558,0.744476904
T,34,381,51,566,1
V,18,397,19,598,0.308301296
W,0,415,1,616,1
Y,30,385,19,598,0.002654975
A,15,400,23,594,1
C,8,407,5,612,0.154124268
D,7,408,8,609,0.606775372
E,4,411,2,615,0.226713044
F,21,394,38,579,0.496380154
G,4,411,2,615,0.226713044
H,28,387,32,585,0.342397633
I,36,379,40,577,0.223969131
*,2,413,57,560,2.46E-11
K,18,397,23,594,0.629211627
L,50,365,62,555,0.309826503
M,1,414,5,612,0.410711705
N,24,391,33,584,0.782220835
P,57,358,92,525,0.651792093
Q,8,407,14,603,0.827578073
R,9,406,19,598,0.438308405
S,50,365,77,540,0.923057761
T,44,371,51,566,0.227214512
V,10,405,15,602,1
W,0,415,1,616,1
Y,19,396,18,599,0.173996602
A,8,407,15,602,0.671188703
C,9,406,8,609,0.322595934
D,5,410,6,611,0.763233702
E,12,403,3,614,0.002319101
F,31,384,30,587,0.105489246
G,6,409,6,611,0.559072049
H,23,392,31,586,0.7759628
I,20,395,31,586,1
*,1,414,67,550,9.85E-15
K,13,402,23,594,0.729972393
L,65,350,109,508,0.445530723
M,6,409,4,613,0.213020253
N,17,398,11,606,0.030975251
P,52,363,73,544,0.770640609
Q,19,396,14,603,0.046784582
R,21,394,43,574,0.23746572
S,45,370,66,551,1
T,37,378,38,579,0.111560373
V,10,405,15,602,1
W,1,414,9,608,0.056730741
Y,14,401,15,602,0.442915502
A,16,399,16,601,0.27457086
C,13,402,7,610,0.035504423
D,7,408,9,608,0.800961283
E,4,411,8,609,0.77125732
F,28,387,25,592,0.061685072
G,7,408,4,613,0.129457937
H,15,400,22,595,1
I,27,388,31,586,0.3358717
*,2,413,67,550,2.01E-13
K,21,394,29,588,0.882626239
L,47,368,70,547,1
M,8,407,7,610,0.302813025
N,19,396,19,598,0.23894256
P,48,367,75,542,0.844765239
Q,12,403,17,600,1
R,15,400,45,572,0.014259156
S,55,360,68,549,0.282704033
T,42,373,55,562,0.516015722
V,7,408,15,602,0.512663968
W,0,415,6,611,0.086722622
Y,22,393,22,595,0.208693467
A,34,381,21,596,0.001034566
C,8,407,9,608,0.621635113
D,1,414,5,612,0.410711705
E,2,413,5,612,0.708207573
F,14,401,28,589,0.422813297
G,3,412,10,607,0.262143119
H,24,391,23,594,0.129493622
I,28,387,44,573,0.900978046
*,3,412,39,578,1.36E-06
K,14,401,25,592,0.621029302
L,52,363,78,539,1
M,2,413,4,613,1
N,17,398,25,592,1
P,55,360,92,525,0.468997561
Q,16,399,7,610,0.004726346
R,11,404,33,584,0.04061163
S,45,370,64,553,0.836664878
T,53,362,64,553,0.270659923
V,11,404,15,602,0.841554509
W,1,414,5,612,0.410711705
Y,21,394,21,596,0.200850927
A,14,462,3,199,0.420219388
C,12,464,3,199,0.570848453
D,9,467,3,199,1
E,7,469,0,202,0.110242741
F,26,450,4,198,0.042963248
G,14,462,4,198,0.606385465
H,30,446,16,186,0.504224222
I,15,461,7,195,0.815542126
*,4,472,22,180,5.13E-09
K,8,468,8,194,0.09517402
L,58,418,15,187,0.078002236
M,4,472,1,201,1
N,18,458,2,200,0.049909362
P,98,378,41,161,1
Q,19,457,6,196,0.657702879
R,53,423,22,180,1
S,31,445,23,179,0.042769405
T,40,436,16,186,0.880120513
V,7,469,0,202,0.110242741
W,3,473,1,201,1
Y,6,470,5,197,0.317898698
A,18,458,7,195,1
C,9,467,2,200,0.520301562
D,22,454,5,197,0.281885177
E,8,468,3,199,1
F,8,468,5,197,0.542962158
G,3,473,3,199,0.369796638
H,27,449,11,191,1
I,28,448,15,187,0.491288362
*,3,473,30,172,7.44E-14
K,30,446,10,192,0.594379826
L,45,431,18,184,0.885796775
M,7,469,3,199,1
N,35,441,16,186,0.873587888
P,55,421,23,179,1
Q,28,448,3,199,0.014169839
R,28,448,10,192,0.717389545
S,42,434,10,192,0.113340246
T,52,424,15,187,0.204966761
V,12,464,3,199,0.570848453
Y,16,460,10,192,0.38152716
A,22,454,10,192,0.844628382
C,23,453,6,196,0.307982786
D,15,461,5,197,0.80550214
E,6,470,2,200,1
F,29,447,9,193,0.468263135
G,10,466,6,196,0.580600266
H,34,442,6,196,0.033522901
I,28,448,7,195,0.254797128
*,4,472,19,183,1.43E-07
K,15,461,6,196,1
L,35,441,17,185,0.637876637
M,1,475,2,200,0.213028039
N,27,449,9,193,0.579365711
P,38,438,16,186,1
Q,7,469,8,194,0.081315265
R,34,442,21,181,0.167409563
S,44,432,14,188,0.369972602
T,44,432,21,181,0.669406708
V,24,452,9,193,0.846817053
W,2,474,2,200,0.586551488
Y,34,442,7,195,0.077821266
A,29,447,7,195,0.192337104
C,12,464,4,198,0.78802515
D,7,469,4,198,0.740509149
E,14,462,1,201,0.048679094
F,12,464,5,197,1
G,10,466,6,196,0.580600266
H,14,462,7,195,0.808812742
I,18,458,16,186,0.03297433
*,3,473,20,182,1.08E-08
K,17,459,11,191,0.292233571
L,53,423,21,181,0.892980014
M,12,464,4,198,0.78802515
N,25,451,5,197,0.151306056
P,47,429,18,184,0.776318414
Q,16,460,5,197,0.635006144
R,28,448,10,192,0.717389545
S,62,414,23,179,0.613209266
T,58,418,14,188,0.041847347
V,19,457,12,190,0.314372078
W,3,473,1,201,1
Y,17,459,8,194,0.824990945
A,30,446,4,198,0.019695429
C,10,466,2,200,0.524980017
D,14,462,3,199,0.420219388
E,15,461,3,199,0.298891089
F,16,460,8,194,0.65695284
G,14,462,4,198,0.606385465
H,19,457,5,197,0.374225352
I,27,449,9,193,0.579365711
*,5,471,35,167,6.42E-15
K,18,458,13,189,0.158345594
L,53,423,19,183,0.58622353
M,7,469,3,199,1
N,23,453,4,198,0.089330756
P,43,433,15,187,0.550622258
Q,19,457,9,193,0.833368692
R,38,438,17,185,0.878106409
S,51,425,14,188,0.153551412
T,31,445,18,184,0.261749411
V,21,455,8,194,1
W,3,473,1,201,1
Y,19,457,8,194,1
A,13,451,7,223,0.81452847
C,12,452,4,226,0.597874175
D,5,459,1,229,0.669363123
E,5,459,3,227,0.724295786
F,38,426,5,225,0.001305361
G,5,459,2,228,1
H,27,437,9,221,0.364033939
I,56,408,23,207,0.448859142
*,6,458,28,202,1.95E-09
K,11,453,12,218,0.069045941
L,45,419,23,207,0.892808959
M,2,462,3,227,0.338959054
N,29,435,16,214,0.744455702
P,44,420,15,215,0.246967663
Q,12,452,6,224,1
R,15,449,5,225,0.630290675
S,57,407,22,208,0.312156852
T,45,419,25,205,0.688113132
V,14,450,6,224,1
W,1,463,0,230,1
Y,22,442,15,215,0.369910292
A,30,434,15,215,1
C,20,444,8,222,0.685641889
D,17,447,6,224,0.652802077
E,11,453,9,221,0.334207321
F,27,437,12,218,0.861588142
G,17,447,5,225,0.362088414
H,28,436,7,223,0.099427125
I,21,443,10,220,1
*,1,463,27,203,7.57E-13
K,7,457,9,221,0.059696232
L,51,413,12,218,0.011621408
M,3,461,4,226,0.228063456
N,21,443,6,224,0.297294251
P,38,426,23,207,0.476657568
Q,12,452,4,226,0.597874175
R,35,429,19,211,0.764215302
S,42,422,16,214,0.384854754
T,27,437,9,221,0.364033939
V,22,442,12,218,0.852133403
W,2,462,5,225,0.043348477
Y,32,432,12,218,0.508194489
A,30,434,13,217,0.740356817
C,10,454,9,221,0.21707964
D,9,455,4,226,1
E,4,460,5,225,0.166434986
F,30,434,15,215,1
G,8,456,4,226,1
H,19,445,8,222,0.835684575
I,21,443,14,216,0.364264579
*,4,460,18,212,2.62E-06
K,11,453,6,224,0.800572321
L,74,390,29,201,0.258797078
M,5,459,0,230,0.176377527
N,7,457,3,227,1
P,53,411,28,202,0.802073025
Q,7,457,2,228,0.725099588
R,20,444,11,219,0.845618681
S,51,413,19,211,0.286370198
T,51,413,14,216,0.038208388
V,28,436,15,215,0.867380005
W,3,461,1,229,1
Y,19,445,12,218,0.558918118
A,14,450,9,221,0.509359018
C,12,452,4,226,0.597874175
D,15,449,3,227,0.203019462
E,5,459,3,227,0.724295786
F,32,432,16,214,1
G,10,454,0,230,0.0355705
H,34,430,18,212,0.878422929
I,18,446,9,221,1
*,1,463,19,211,6.47E-09
K,7,457,5,225,0.544752817
L,69,395,27,203,0.293935189
M,1,463,0,230,1
N,19,445,7,223,0.67148837
P,69,395,34,196,1
Q,15,449,7,223,1
R,16,448,7,223,1
S,44,420,25,205,0.590807777
T,37,427,13,217,0.349224066
V,16,448,9,221,0.829235213
Y,30,434,15,215,1
A,17,447,12,218,0.420094968
C,6,458,0,230,0.185664695
D,24,440,11,219,1
E,15,449,6,224,0.815078831
F,27,437,6,224,0.086280427
G,5,459,2,228,1
H,26,438,5,225,0.049408189
I,47,417,25,205,0.791910606
*,15,449,33,197,2.27E-07
K,16,448,9,221,0.829235213
L,65,399,27,203,0.475777581
M,4,460,3,227,0.690508505
N,16,448,9,221,0.829235213
P,27,437,9,221,0.364033939
Q,15,449,8,222,0.825819143
R,13,451,4,226,0.448867004
S,33,431,17,213,0.877253326
T,27,437,18,212,0.328017125
V,33,431,17,213,0.877253326
Y,33,431,9,221,0.126976273
A,10,523,5,217,0.776531216
C,11,522,1,221,0.196994751
D,7,526,0,222,0.112185755
E,2,531,1,221,1
F,39,494,14,208,0.754709592
G,3,530,4,218,0.203786566
H,33,500,13,209,1
I,24,509,17,205,0.11093055
*,5,528,25,197,5.96E-10
K,22,511,9,213,1
L,70,463,28,194,0.905731781
M,7,526,3,219,1
N,20,513,9,213,0.837035184
P,70,463,21,201,0.177867691
Q,31,502,8,214,0.278636562
R,18,515,14,208,0.076009239
S,43,490,15,207,0.652991624
T,65,468,23,199,0.534595995
V,16,517,5,217,0.808298279
W,4,529,1,221,1
Y,33,500,6,216,0.048578021
A,11,522,8,214,0.213454244
C,10,523,1,221,0.189541264
D,7,526,2,220,1
E,4,529,1,221,1
F,32,501,11,211,0.730449493
G,5,528,0,222,0.328955139
H,23,510,11,211,0.702271263
I,48,485,25,197,0.345950089
*,6,527,37,185,2.34E-15
K,21,512,3,219,0.070568091
L,92,441,34,188,0.592348469
M,17,516,7,215,1
N,23,510,5,217,0.208036602
P,45,488,16,206,0.66092893
Q,18,515,6,216,0.820409332
R,29,504,10,212,0.719046554
S,47,486,13,209,0.18649436
T,44,489,22,200,0.480658632
V,29,504,4,218,0.030016429
W,4,529,0,222,0.326279447
Y,18,515,6,216,0.820409332
A,11,522,3,219,0.767814652
C,19,514,15,207,0.080732881
D,11,522,2,220,0.364863057
E,8,525,4,218,0.754845014
F,21,512,14,208,0.18333214
G,15,518,2,220,0.174943878
H,28,505,7,215,0.256617859
I,39,494,10,212,0.194219576
*,4,529,36,186,2.42E-16
K,16,517,6,216,1
L,44,489,13,209,0.292072275
M,7,526,1,221,0.448141405
N,23,510,16,206,0.106937024
P,45,488,17,205,0.772944444
Q,21,512,9,213,1
R,52,481,19,203,0.682388721
S,59,474,25,197,1
T,59,474,11,211,0.008442007
V,22,511,3,219,0.071462822
W,10,523,1,221,0.189541264
Y,19,514,8,214,1
A,24,509,9,213,0.847882059
C,8,525,2,220,0.731599416
D,9,524,2,220,0.522463121
E,11,522,5,217,1
F,18,515,2,220,0.078105284
G,10,523,4,218,1
H,27,506,5,217,0.110835956
I,35,498,17,205,0.636407122
*,6,527,35,187,2.54E-14
K,28,505,7,215,0.256617859
L,64,469,20,202,0.254906182
M,6,527,3,219,0.726963405
N,21,512,11,211,0.553691025
P,57,476,26,196,0.702327717
Q,22,511,8,214,0.839878464
R,35,498,13,209,0.87006931
S,48,485,14,208,0.246503082
T,59,474,18,204,0.237647097
V,16,517,10,212,0.380133715
W,4,529,2,220,1
Y,25,508,9,213,0.847776714
A,24,509,9,213,0.847882059
C,8,525,5,217,0.540392142
D,15,518,4,218,0.610558362
E,7,526,2,220,1
F,22,511,14,208,0.259605086
G,8,525,2,220,0.731599416
H,32,501,13,209,1
I,45,488,18,204,1
*,11,522,33,189,1.43E-10
K,23,510,7,215,0.543543236
L,51,482,17,205,0.485733243
M,4,529,1,221,1
N,39,494,12,210,0.426445709
P,40,493,14,208,0.643316509
Q,20,513,12,210,0.323530762
R,23,510,8,214,0.840661503
S,40,493,15,207,0.761357483
T,58,475,27,195,0.61464195
V,22,511,1,221,0.004602564
W,2,531,0,222,1
Y,39,494,8,214,0.067814342
A,13,409,11,387,0.83812916
C,10,412,7,391,0.627992268
D,5,417,10,388,0.195428202
E,7,415,3,395,0.342859463
F,15,407,13,385,0.849809553
G,9,413,11,387,0.652914096
H,27,395,14,384,0.076843789
I,30,392,31,367,0.790317903
*,6,416,62,336,1.03E-14
K,26,396,17,381,0.272893723
L,42,380,37,361,0.813100366
M,5,417,4,394,1
N,22,400,17,381,0.623069418
P,32,390,38,360,0.320495342
Q,22,400,14,384,0.306265643
R,35,387,26,372,0.354174486
S,38,384,32,366,0.707849963
T,45,377,25,373,0.032918358
V,15,407,12,386,0.69972307
W,5,417,0,398,0.062272586
Y,13,409,14,384,0.845323345
A,12,410,11,387,1
C,6,416,12,386,0.153232332
D,12,410,11,387,1
E,7,415,10,388,0.466124813
F,25,397,18,380,0.434023143
G,11,411,13,385,0.679829709
H,9,413,9,389,1
I,28,394,24,374,0.775293338
*,8,414,62,336,3.12E-13
K,15,407,7,391,0.132253671
L,52,370,43,355,0.514263139
M,4,418,2,396,0.687160404
N,12,410,12,386,1
P,32,390,26,372,0.587823312
Q,12,410,11,387,1
R,30,392,23,375,0.47919324
S,61,361,39,359,0.043089071
T,45,377,21,377,0.004681244
V,22,400,20,378,1
W,4,418,3,395,1
Y,15,407,21,377,0.238098993
A,12,410,11,387,1
C,16,406,14,384,0.854765843
D,11,411,9,389,0.823171737
E,5,417,9,389,0.28614231
F,23,399,12,386,0.118690587
G,12,410,7,391,0.357622728
H,28,394,13,385,0.036073801
I,21,401,20,378,1
*,4,418,78,320,9.78E-22
K,15,407,21,377,0.238098993
L,31,391,30,368,1
M,8,414,4,394,0.386647364
N,25,397,14,384,0.138806037
P,40,382,25,373,0.094327892
Q,15,407,12,386,0.69972307
R,30,392,28,370,1
S,52,370,32,366,0.049938554
T,28,394,19,379,0.293533946
V,9,413,16,382,0.154176116
W,4,418,2,396,0.687160404
Y,33,389,22,376,0.210146203
A,29,393,26,372,0.889501061
C,8,414,6,392,0.789999488
D,21,401,18,380,0.869915811
E,12,410,10,388,0.831150235
F,14,408,10,388,0.539499233
G,14,408,17,381,0.583365775
H,20,402,11,387,0.147333773
I,27,395,25,373,1
*,5,417,65,333,1.71E-16
K,19,403,9,389,0.085558284
L,41,381,28,370,0.207956194
M,1,421,4,394,0.204664406
N,24,398,16,382,0.330797837
P,19,403,24,374,0.350220301
Q,15,407,13,385,0.849809553
R,28,394,29,369,0.783954592
S,38,384,29,369,0.375779275
T,40,382,25,373,0.094327892
V,25,397,18,380,0.434023143
W,5,417,2,396,0.452530708
Y,17,405,13,385,0.582639516
A,19,403,7,391,0.028205602
C,8,414,13,385,0.270089194
D,11,411,9,389,0.823171737
E,4,418,8,390,0.251615449
F,21,401,16,382,0.614235249
G,6,416,2,396,0.288348987
H,15,407,20,378,0.306268644
I,17,405,21,377,0.411147601
*,17,405,56,342,4.94E-07
K,25,397,16,382,0.261903618
L,51,371,39,359,0.315738493
M,5,417,3,395,0.726166909
N,15,407,12,386,0.69972307
P,53,369,41,357,0.325376517
Q,14,408,15,383,0.850416383
R,20,402,23,375,0.533743498
S,44,378,36,362,0.556638066
T,33,389,31,367,1
V,18,404,8,390,0.074145036
W,1,421,3,395,0.360052387
Y,25,397,19,379,0.53607791
A,58,543,30,403,0.141891903
C,18,583,9,424,0.431962112
D,1,600,14,419,4.17E-05
E,3,598,8,425,0.060625488
F,12,589,10,423,0.827960599
G,9,592,10,423,0.356333097
H,12,589,26,407,0.001160521
I,49,552,22,411,0.06137996
*,1,600,14,419,4.17E-05
K,0,601,9,424,3.77E-04
L,113,488,45,388,2.18E-04
M,13,588,6,427,0.482886413
N,7,594,19,414,0.001884797
P,44,557,54,379,0.006903806
Q,19,582,15,418,0.860226457
R,2,599,45,388,9.88E-16
S,50,551,28,405,0.284646772
T,66,535,34,399,0.109437559
V,102,499,17,416,1.08E-11
W,12,589,3,430,0.113348331
Y,10,591,15,418,0.06783249
A,59,542,24,409,0.014492363
C,4,597,13,420,0.005054087
D,5,596,14,419,0.007949777
E,0,601,19,414,5.20E-08
F,10,591,10,423,0.497400237
G,4,597,15,418,0.001481581
H,3,598,27,406,3.54E-08
I,108,493,14,419,1.52E-14
*,1,600,26,407,1.56E-09
K,3,598,8,425,0.060625488
L,112,489,45,388,2.96E-04
M,45,556,4,429,1.45E-07
N,4,597,25,408,8.86E-07
P,28,573,39,394,0.006808426
Q,5,596,29,404,1.54E-07
R,7,594,26,407,1.67E-05
S,14,587,34,399,3.85E-05
T,16,585,16,417,0.366669675
V,169,432,22,411,1.73E-23
W,2,599,3,430,0.654834214
Y,2,599,20,413,1.83E-06
A,39,562,28,405,1
C,9,592,9,424,0.481661997
D,1,600,12,421,2.14E-04
E,3,598,11,422,0.006148734
F,16,585,10,423,0.841347902
G,15,586,17,416,0.205836401
H,3,598,27,406,3.54E-08
I,92,509,15,418,9.10E-11
*,2,599,20,413,1.83E-06
K,0,601,14,419,4.51E-06
L,174,427,42,391,1.18E-14
M,25,576,12,421,0.308616055
N,4,597,14,419,0.002745835
P,6,595,26,407,4.98E-06
Q,4,597,15,418,0.001481581
R,7,594,42,391,1.60E-10
S,22,579,42,391,1.15E-04
T,44,557,44,389,0.114404738
V,124,477,18,415,1.03E-15
W,3,598,4,429,0.461016394
Y,8,593,11,422,0.165655199
A,37,564,26,407,1
C,3,598,7,426,0.104545934
D,32,569,6,427,6.66E-04
E,25,576,7,426,0.027396046
F,17,584,9,424,0.5476733
G,14,587,12,421,0.690243967
H,21,580,20,413,0.41987179
I,28,573,20,413,1
*,2,599,22,411,3.62E-07
K,11,590,19,414,0.022741335
L,94,507,46,387,0.0212556
M,18,583,7,426,0.217579975
N,42,559,17,416,0.041204082
P,13,588,44,389,4.32E-08
Q,31,570,15,418,0.222529128
R,32,569,33,400,0.15317445
S,94,507,48,385,0.043654717
T,62,539,38,395,0.455835307
V,13,588,18,415,0.067289153
W,3,598,5,428,0.290450365
Y,9,592,14,419,0.085491283
A,35,566,18,415,0.254948236
C,6,595,23,410,6.33E-05
D,9,592,14,419,0.085491283
E,18,583,14,419,0.856873625
F,21,580,20,413,0.41987179
G,28,573,22,411,0.77044452
H,24,577,14,419,0.616264038
I,88,513,27,406,2.09E-05
*,3,598,20,413,1.18E-05
K,5,596,15,418,0.004602549
L,118,483,36,397,3.41E-07
M,19,582,7,426,0.158059288
N,21,580,17,416,0.739634924
P,3,598,32,401,6.01E-10
Q,28,573,8,425,0.015692854
R,13,588,33,400,4.37E-05
S,49,552,46,387,0.190826263
T,27,574,24,409,0.46866653
V,50,551,22,411,0.047602609
W,10,591,3,430,0.257760655
Y,26,575,18,415,1
A,21,397,30,403,0.251702796
C,6,412,9,424,0.604842395
D,2,416,14,419,0.003940637
E,3,415,8,425,0.224326042
F,46,372,10,423,2.47E-07
G,4,414,10,423,0.176915473
H,5,413,26,407,1.59E-04
I,31,387,22,411,0.201294202
*,4,414,14,419,0.029619061
K,3,415,9,424,0.143901915
L,70,348,45,388,0.006856209
M,8,410,6,427,0.598576142
N,5,413,19,414,0.006080149
P,11,407,54,379,2.55E-08
Q,6,412,15,418,0.075670083
R,16,402,45,388,2.70E-04
S,23,395,28,405,0.567151997
T,17,401,34,399,0.021072247
V,24,394,17,416,0.262648115
W,29,389,3,430,6.57E-07
Y,84,334,15,418,5.83E-15
A,23,395,24,409,1
C,7,411,13,420,0.258992522
D,33,385,14,419,0.003919719
E,41,377,19,414,0.002028242
F,7,411,10,423,0.626469183
G,16,402,15,418,0.855611989
H,12,406,27,406,0.021414949
I,23,395,14,419,0.129893097
*,7,411,26,407,0.00112638
K,12,406,8,425,0.370665859
L,40,378,45,388,0.732201068
M,8,410,4,429,0.255934887
N,18,400,25,408,0.351240817
P,8,410,39,394,3.60E-06
Q,28,390,29,404,1
R,25,393,26,407,1
S,29,389,34,399,0.694759636
T,37,381,16,417,0.002583478
V,36,382,22,411,0.042309633
W,0,418,3,430,0.249350937
Y,8,410,20,413,0.033512291
A,21,397,28,405,0.381302247
C,8,410,9,424,1
D,20,398,12,421,0.149551866
E,31,387,11,422,0.001292889
F,11,407,10,423,0.82727823
G,9,409,17,416,0.16381992
H,14,404,27,406,0.05511476
I,29,389,15,418,0.029234436
*,7,411,20,413,0.017801729
K,9,409,14,419,0.400106541
L,26,392,42,391,0.076129489
M,7,411,12,421,0.355262528
N,20,398,14,419,0.29460918
P,15,403,26,407,0.110762399
Q,30,388,15,418,0.020689815
R,11,407,42,391,1.45E-05
S,46,372,42,391,0.574108489
T,48,370,44,389,0.581407859
V,27,391,18,415,0.167534061
W,2,416,4,429,0.686686741
Y,27,391,11,422,0.007246343
A,8,410,26,407,0.002546097
C,8,410,7,426,0.798880359
D,5,413,6,427,1
E,5,413,7,426,0.773235716
F,9,409,9,424,1
G,5,413,12,421,0.14051565
H,4,414,20,413,0.001384552
I,116,302,20,413,2.54E-21
*,9,409,22,411,0.027328686
K,8,410,19,414,0.049532416
L,89,329,46,387,2.17E-05
M,9,409,7,426,0.62048157
N,9,409,17,416,0.16381992
P,9,409,44,389,7.00E-07
Q,8,410,15,418,0.205461815
R,13,405,33,400,0.00378451
S,10,408,48,385,2.33E-07
T,9,409,38,395,1.71E-05
V,77,341,18,415,1.56E-11
W,1,417,5,428,0.217532043
Y,7,411,14,419,0.185198886
A,23,395,18,415,0.424164244
C,9,409,23,410,0.018398125
D,12,406,14,419,0.843250216
E,12,406,14,419,0.843250216
F,22,396,20,413,0.752153005
G,7,411,22,411,0.007372684
H,3,415,14,419,0.012103996
I,18,400,27,406,0.223456949
*,8,410,20,413,0.033512291
K,8,410,15,418,0.205461815
L,96,322,36,397,2.68E-09
M,31,387,7,426,3.91E-05
N,7,411,17,416,0.061190929
P,6,412,32,401,1.81E-05
Q,18,400,8,425,0.04568453
R,10,408,33,400,4.79E-04
S,31,387,46,387,0.120138622
T,46,372,24,409,0.004012556
V,25,393,22,411,0.653028142
W,12,406,3,430,0.018361224
Y,14,404,18,415,0.591400851
